corIa,vencedor,adversario,qtdLances,lancesIdeais,mediaNos,mediaTempo,medianaTempo,stdTempo
pretas,ia,humano,32,20,10336,1.2372191697359085,0.6609718799591064,1.2868930445153834
pretas,ia,humano,6,5,7108,2.2662383715311685,1.6557657718658447,1.2234246781961295
pretas,jogador,humano,35,26,2484,0.356460428237915,0.2804749011993408,0.30373678228057976
pretas,jogador,humano,28,13,27089,4.749655680997031,2.933454990386963,6.883538600391814
pretas,jogador,humano,22,7,94014,10.751394445245916,9.909478068351746,7.70652404089261
